,Number,Image,Card Name,Card Type,Faction,Energy Cost,Paired BakuCores,Base Bakugan,B-Power,Damage,Rarity,Text
0,4,,Aquos Fury,Nanogan Card,Aquos,,,,,,Rare,Card not found
1,6,,Aquos Siphon,Nanogan Card,Aquos,,,,,,Rare,Card not found
2,7,,Aquos Sledge,Nanogan Card,Aquos,,,,,,Rare,Card not found
3,9,,Aurelus Blade,Nanogan Card,Aurelus,,,,,,Rare,Card not found
4,10,,Aurelus Clutch,Nanogan Card,Aurelus,,,,,,Rare,Card not found
5,18,,Darkus Echo,Nanogan Card,Darkus,,,,,,Rare,Card not found
6,24,,Haos Echo,Nanogan Card,Haos,,,,,,Rare,"<td colspan=""3""><a href=""/wiki/Helix"" title=""Helix""><img alt=""Battle Planet Helix Symbol.png"" data-file-height=""125"" data-file-width=""92"" height=""27"" src=""/images/thumb/3/3e/Battle_Planet_Helix_Symbol.png/20px-Battle_Planet_Helix_Symbol.png"" srcset=""/images/thumb/3/3e/Battle_Planet_Helix_Symbol.png/30px-Battle_Planet_Helix_Symbol.png 1.5x, /images/thumb/3/3e/Battle_Planet_Helix_Symbol.png/40px-Battle_Planet_Helix_Symbol.png 2x"" width=""20""/></a>: +200<a href=""/wiki/B-Power"" title=""B-Power""><img alt=""Icon-power.png"" data-file-height=""2071"" data-file-width=""2133"" height=""15"" src=""/images/thumb/d/d1/Icon-power.png/15px-Icon-power.png"" srcset=""/images/thumb/d/d1/Icon-power.png/23px-Icon-power.png 1.5x, /images/thumb/d/d1/Icon-power.png/30px-Icon-power.png 2x"" width=""15""/></a>
<p><a href=""/wiki/Helix"" title=""Helix""><img alt=""Battle Planet Helix Symbol.png"" data-file-height=""125"" data-file-width=""92"" height=""27"" src=""/images/thumb/3/3e/Battle_Planet_Helix_Symbol.png/20px-Battle_Planet_Helix_Symbol.png"" srcset=""/images/thumb/3/3e/Battle_Planet_Helix_Symbol.png/30px-Battle_Planet_Helix_Symbol.png 1.5x, /images/thumb/3/3e/Battle_Planet_Helix_Symbol.png/40px-Battle_Planet_Helix_Symbol.png 2x"" width=""20""/></a>, <a href=""/wiki/Helix"" title=""Helix""><img alt=""Battle Planet Helix Symbol.png"" data-file-height=""125"" data-file-width=""92"" height=""27"" src=""/images/thumb/3/3e/Battle_Planet_Helix_Symbol.png/20px-Battle_Planet_Helix_Symbol.png"" srcset=""/images/thumb/3/3e/Battle_Planet_Helix_Symbol.png/30px-Battle_Planet_Helix_Symbol.png 1.5x, /images/thumb/3/3e/Battle_Planet_Helix_Symbol.png/40px-Battle_Planet_Helix_Symbol.png 2x"" width=""20""/></a>: +600<a href=""/wiki/B-Power"" title=""B-Power""><img alt=""Icon-power.png"" data-file-height=""2071"" data-file-width=""2133"" height=""15"" src=""/images/thumb/d/d1/Icon-power.png/15px-Icon-power.png"" srcset=""/images/thumb/d/d1/Icon-power.png/23px-Icon-power.png 1.5x, /images/thumb/d/d1/Icon-power.png/30px-Icon-power.png 2x"" width=""15""/></a> <i>(If your team holds two <a href=""/wiki/Helix"" title=""Helix""><img alt=""Battle Planet Helix Symbol.png"" data-file-height=""125"" data-file-width=""92"" height=""27"" src=""/images/thumb/3/3e/Battle_Planet_Helix_Symbol.png/20px-Battle_Planet_Helix_Symbol.png"" srcset=""/images/thumb/3/3e/Battle_Planet_Helix_Symbol.png/30px-Battle_Planet_Helix_Symbol.png 1.5x, /images/thumb/3/3e/Battle_Planet_Helix_Symbol.png/40px-Battle_Planet_Helix_Symbol.png 2x"" width=""20""/></a> cores when this card is played, add the Bonus)</i>
</p>
</td>"
7,25,,Haos Lancer,Nanogan Card,Haos,,,,,,Rare,Card not found
8,29,,Pyrus Shadow,Nanogan Card,Pyrus,,,,,,Rare,"<td colspan=""3"">+100<a href=""/wiki/B-Power"" title=""B-Power""><img alt=""Icon-power.png"" data-file-height=""2071"" data-file-width=""2133"" height=""15"" src=""/images/thumb/d/d1/Icon-power.png/15px-Icon-power.png"" srcset=""/images/thumb/d/d1/Icon-power.png/23px-Icon-power.png 1.5x, /images/thumb/d/d1/Icon-power.png/30px-Icon-power.png 2x"" width=""15""/></a>
<p><a href=""/wiki/Fist"" title=""Fist""><img alt=""Battle Planet Fist Symbol.png"" data-file-height=""90"" data-file-width=""125"" height=""14"" src=""/images/thumb/4/4f/Battle_Planet_Fist_Symbol.png/20px-Battle_Planet_Fist_Symbol.png"" srcset=""/images/thumb/4/4f/Battle_Planet_Fist_Symbol.png/30px-Battle_Planet_Fist_Symbol.png 1.5x, /images/thumb/4/4f/Battle_Planet_Fist_Symbol.png/40px-Battle_Planet_Fist_Symbol.png 2x"" width=""20""/></a>, <a href=""/wiki/Shield"" title=""Shield""><img alt=""Battle Planet Shield Symbol.png"" data-file-height=""125"" data-file-width=""93"" height=""27"" src=""/images/thumb/6/6a/Battle_Planet_Shield_Symbol.png/20px-Battle_Planet_Shield_Symbol.png"" srcset=""/images/thumb/6/6a/Battle_Planet_Shield_Symbol.png/30px-Battle_Planet_Shield_Symbol.png 1.5x, /images/thumb/6/6a/Battle_Planet_Shield_Symbol.png/40px-Battle_Planet_Shield_Symbol.png 2x"" width=""20""/></a>, <a href=""/wiki/Flaming_Fist"" title=""Flaming Fist""><img alt=""Battle Planet FlamingFist Symbol.png"" data-file-height=""92"" data-file-width=""125"" height=""15"" src=""/images/thumb/3/3a/Battle_Planet_FlamingFist_Symbol.png/20px-Battle_Planet_FlamingFist_Symbol.png"" srcset=""/images/thumb/3/3a/Battle_Planet_FlamingFist_Symbol.png/30px-Battle_Planet_FlamingFist_Symbol.png 1.5x, /images/thumb/3/3a/Battle_Planet_FlamingFist_Symbol.png/40px-Battle_Planet_FlamingFist_Symbol.png 2x"" width=""20""/></a>: +1700<a href=""/wiki/B-Power"" title=""B-Power""><img alt=""Icon-power.png"" data-file-height=""2071"" data-file-width=""2133"" height=""15"" src=""/images/thumb/d/d1/Icon-power.png/15px-Icon-power.png"" srcset=""/images/thumb/d/d1/Icon-power.png/23px-Icon-power.png 1.5x, /images/thumb/d/d1/Icon-power.png/30px-Icon-power.png 2x"" width=""15""/></a>
</p>
</td>"
9,33,,Ventus Clutch,Nanogan Card,Ventus,,,,,,Rare,"<td colspan=""3""><a class=""image"" href=""/wiki/File:Symbol_Reroll.png""><img alt=""Symbol Reroll.png"" data-file-height=""562"" data-file-width=""530"" height=""27"" src=""/images/thumb/0/05/Symbol_Reroll.png/25px-Symbol_Reroll.png"" srcset=""/images/thumb/0/05/Symbol_Reroll.png/38px-Symbol_Reroll.png 1.5x, /images/thumb/0/05/Symbol_Reroll.png/50px-Symbol_Reroll.png 2x"" width=""25""/></a> (You may <a href=""/wiki/Reroll"" title=""Reroll"">Reroll</a> your active Bakugan)
<p><a href=""/wiki/Fist"" title=""Fist""><img alt=""Battle Planet Fist Symbol.png"" data-file-height=""90"" data-file-width=""125"" height=""14"" src=""/images/thumb/4/4f/Battle_Planet_Fist_Symbol.png/20px-Battle_Planet_Fist_Symbol.png"" srcset=""/images/thumb/4/4f/Battle_Planet_Fist_Symbol.png/30px-Battle_Planet_Fist_Symbol.png 1.5x, /images/thumb/4/4f/Battle_Planet_Fist_Symbol.png/40px-Battle_Planet_Fist_Symbol.png 2x"" width=""20""/></a>, <a href=""/wiki/Shield"" title=""Shield""><img alt=""Battle Planet Shield Symbol.png"" data-file-height=""125"" data-file-width=""93"" height=""27"" src=""/images/thumb/6/6a/Battle_Planet_Shield_Symbol.png/20px-Battle_Planet_Shield_Symbol.png"" srcset=""/images/thumb/6/6a/Battle_Planet_Shield_Symbol.png/30px-Battle_Planet_Shield_Symbol.png 1.5x, /images/thumb/6/6a/Battle_Planet_Shield_Symbol.png/40px-Battle_Planet_Shield_Symbol.png 2x"" width=""20""/></a>, <a href=""/wiki/Helix"" title=""Helix""><img alt=""Battle Planet Helix Symbol.png"" data-file-height=""125"" data-file-width=""92"" height=""27"" src=""/images/thumb/3/3e/Battle_Planet_Helix_Symbol.png/20px-Battle_Planet_Helix_Symbol.png"" srcset=""/images/thumb/3/3e/Battle_Planet_Helix_Symbol.png/30px-Battle_Planet_Helix_Symbol.png 1.5x, /images/thumb/3/3e/Battle_Planet_Helix_Symbol.png/40px-Battle_Planet_Helix_Symbol.png 2x"" width=""20""/></a>: +1500<a href=""/wiki/B-Power"" title=""B-Power""><img alt=""Icon-power.png"" data-file-height=""2071"" data-file-width=""2133"" height=""15"" src=""/images/thumb/d/d1/Icon-power.png/15px-Icon-power.png"" srcset=""/images/thumb/d/d1/Icon-power.png/23px-Icon-power.png 1.5x, /images/thumb/d/d1/Icon-power.png/30px-Icon-power.png 2x"" width=""15""/></a> <i>(If your team holds a <a href=""/wiki/Fist"" title=""Fist""><img alt=""Battle Planet Fist Symbol.png"" data-file-height=""90"" data-file-width=""125"" height=""14"" src=""/images/thumb/4/4f/Battle_Planet_Fist_Symbol.png/20px-Battle_Planet_Fist_Symbol.png"" srcset=""/images/thumb/4/4f/Battle_Planet_Fist_Symbol.png/30px-Battle_Planet_Fist_Symbol.png 1.5x, /images/thumb/4/4f/Battle_Planet_Fist_Symbol.png/40px-Battle_Planet_Fist_Symbol.png 2x"" width=""20""/></a>, a <a href=""/wiki/Shield"" title=""Shield""><img alt=""Battle Planet Shield Symbol.png"" data-file-height=""125"" data-file-width=""93"" height=""27"" src=""/images/thumb/6/6a/Battle_Planet_Shield_Symbol.png/20px-Battle_Planet_Shield_Symbol.png"" srcset=""/images/thumb/6/6a/Battle_Planet_Shield_Symbol.png/30px-Battle_Planet_Shield_Symbol.png 1.5x, /images/thumb/6/6a/Battle_Planet_Shield_Symbol.png/40px-Battle_Planet_Shield_Symbol.png 2x"" width=""20""/></a> and a <a href=""/wiki/Helix"" title=""Helix""><img alt=""Battle Planet Helix Symbol.png"" data-file-height=""125"" data-file-width=""92"" height=""27"" src=""/images/thumb/3/3e/Battle_Planet_Helix_Symbol.png/20px-Battle_Planet_Helix_Symbol.png"" srcset=""/images/thumb/3/3e/Battle_Planet_Helix_Symbol.png/30px-Battle_Planet_Helix_Symbol.png 1.5x, /images/thumb/3/3e/Battle_Planet_Helix_Symbol.png/40px-Battle_Planet_Helix_Symbol.png 2x"" width=""20""/></a> core when this card is played, add the Bonus)</i>
</p>
</td>"
10,35,,Ventus Lancer,Nanogan Card,Ventus,,,,,,Rare,Card not found
11,36,,Aquos Platinum Stardox,Geogan Card,Aquos,5,,,900,3,Rare,"<td colspan=""3""><a href=""/wiki/Fist"" title=""Fist""><img alt=""Battle Planet Fist Symbol.png"" data-file-height=""90"" data-file-width=""125"" height=""14"" src=""/images/thumb/4/4f/Battle_Planet_Fist_Symbol.png/20px-Battle_Planet_Fist_Symbol.png"" srcset=""/images/thumb/4/4f/Battle_Planet_Fist_Symbol.png/30px-Battle_Planet_Fist_Symbol.png 1.5x, /images/thumb/4/4f/Battle_Planet_Fist_Symbol.png/40px-Battle_Planet_Fist_Symbol.png 2x"" width=""20""/></a>: <a class=""image"" href=""/wiki/File:Add_Core_Icon.png""><img alt=""Add Core Icon.png"" data-file-height=""2084"" data-file-width=""2406"" height=""22"" src=""/images/thumb/d/d7/Add_Core_Icon.png/25px-Add_Core_Icon.png"" srcset=""/images/thumb/d/d7/Add_Core_Icon.png/38px-Add_Core_Icon.png 1.5x, /images/thumb/d/d7/Add_Core_Icon.png/50px-Add_Core_Icon.png 2x"" width=""25""/></a> (Attach a BakuCore from the Field to this) &amp; +400 <a href=""/wiki/B-Power"" title=""B-Power""><img alt=""Icon-power.png"" data-file-height=""2071"" data-file-width=""2133"" height=""15"" src=""/images/thumb/d/d1/Icon-power.png/15px-Icon-power.png"" srcset=""/images/thumb/d/d1/Icon-power.png/23px-Icon-power.png 1.5x, /images/thumb/d/d1/Icon-power.png/30px-Icon-power.png 2x"" width=""15""/></a>
</td>"
12,40,,Pyrus Platinum Arcleon,Geogan Card,Pyrus,5,,,1200,4,Rare,"<td colspan=""3""><a href=""/wiki/Fist"" title=""Fist""><img alt=""Battle Planet Fist Symbol.png"" data-file-height=""90"" data-file-width=""125"" height=""14"" src=""/images/thumb/4/4f/Battle_Planet_Fist_Symbol.png/20px-Battle_Planet_Fist_Symbol.png"" srcset=""/images/thumb/4/4f/Battle_Planet_Fist_Symbol.png/30px-Battle_Planet_Fist_Symbol.png 1.5x, /images/thumb/4/4f/Battle_Planet_Fist_Symbol.png/40px-Battle_Planet_Fist_Symbol.png 2x"" width=""20""/></a>: <a class=""image"" href=""/wiki/File:Add_Core_Icon.png""><img alt=""Add Core Icon.png"" data-file-height=""2084"" data-file-width=""2406"" height=""22"" src=""/images/thumb/d/d7/Add_Core_Icon.png/25px-Add_Core_Icon.png"" srcset=""/images/thumb/d/d7/Add_Core_Icon.png/38px-Add_Core_Icon.png 1.5x, /images/thumb/d/d7/Add_Core_Icon.png/50px-Add_Core_Icon.png 2x"" width=""25""/></a> (Attach a BakuCore from the Field to this)
</td>"
13,53,,Diamond Ultra Eenoch,Evo Card,Darkus,2,,Darkus Ultra Eenoch,800,6,Rare,"<td colspan=""3""><a href=""/wiki/Shield"" title=""Shield""><img alt=""Battle Planet Shield Symbol.png"" data-file-height=""125"" data-file-width=""93"" height=""27"" src=""/images/thumb/6/6a/Battle_Planet_Shield_Symbol.png/20px-Battle_Planet_Shield_Symbol.png"" srcset=""/images/thumb/6/6a/Battle_Planet_Shield_Symbol.png/30px-Battle_Planet_Shield_Symbol.png 1.5x, /images/thumb/6/6a/Battle_Planet_Shield_Symbol.png/40px-Battle_Planet_Shield_Symbol.png 2x"" width=""20""/></a>: <a class=""image"" href=""/wiki/File:Remove_Core_Icon.png""><img alt=""Remove Core Icon.png"" data-file-height=""2084"" data-file-width=""2406"" height=""22"" src=""/images/thumb/e/e3/Remove_Core_Icon.png/25px-Remove_Core_Icon.png"" srcset=""/images/thumb/e/e3/Remove_Core_Icon.png/38px-Remove_Core_Icon.png 1.5x, /images/thumb/e/e3/Remove_Core_Icon.png/50px-Remove_Core_Icon.png 2x"" width=""25""/></a> (Remove a BakuCore from the opposing Bakugan)
</td>"
14,57,,Diamond Platinum Wrath,Evo Card,Haos,4,,Haos Platinum Wrath,900,9,Rare,Card not found
15,59,,Diamond Dragonoid,Evo Card,Pyrus,2,,Pyrus Dragonoid,1200,3,Rare,Card not found
16,63,,Diamond Ultra Serpillious,Evo Card,Ventus,2,,Ventus Ultra Serpillious,700,4,Rare,Card not found
17,64,,All-Faction Genesis Wrath,Character Card,All-Faction,,,,500,10,,"<td colspan=""3""><a class=""image"" href=""/wiki/File:Symbol_Reroll.png""><img alt=""Symbol Reroll.png"" data-file-height=""562"" data-file-width=""530"" height=""27"" src=""/images/thumb/0/05/Symbol_Reroll.png/25px-Symbol_Reroll.png"" srcset=""/images/thumb/0/05/Symbol_Reroll.png/38px-Symbol_Reroll.png 1.5x, /images/thumb/0/05/Symbol_Reroll.png/50px-Symbol_Reroll.png 2x"" width=""25""/></a> (You may <a href=""/wiki/Reroll"" title=""Reroll"">Reroll</a> this once each turn if you miss a roll with it)
</td>"
18,66,,Aquos Howlkor,Character Card,Aquos,,,,400,6,,"<td colspan=""3"">This card has no effect.
</td>"
19,67,,Aquos Warrior Whale,Character Card,Aquos,,,,800,1,,Card not found
20,72,,Aquos Neo Pegatrix,Character Card,Aquos,,,,300,3,,"<td colspan=""3""><a href=""/wiki/Helix"" title=""Helix""><img alt=""Battle Planet Helix Symbol.png"" data-file-height=""125"" data-file-width=""92"" height=""27"" src=""/images/thumb/3/3e/Battle_Planet_Helix_Symbol.png/20px-Battle_Planet_Helix_Symbol.png"" srcset=""/images/thumb/3/3e/Battle_Planet_Helix_Symbol.png/30px-Battle_Planet_Helix_Symbol.png 1.5x, /images/thumb/3/3e/Battle_Planet_Helix_Symbol.png/40px-Battle_Planet_Helix_Symbol.png 2x"" width=""20""/></a>: <a class=""image"" href=""/wiki/File:Steal_Core_Icon.png""><img alt=""Steal Core Icon.png"" data-file-height=""2084"" data-file-width=""2406"" height=""22"" src=""/images/thumb/6/60/Steal_Core_Icon.png/25px-Steal_Core_Icon.png"" srcset=""/images/thumb/6/60/Steal_Core_Icon.png/38px-Steal_Core_Icon.png 1.5x, /images/thumb/6/60/Steal_Core_Icon.png/50px-Steal_Core_Icon.png 2x"" width=""25""/></a> (Remove a BakuCore from the opposing Bakugan and attach it to this)
</td>"
21,73,,Aquos Neo Trox,Character Card,Aquos,,,,1000,1,,Card not found
22,74,,Aquos Pharol,Character Card,Aquos,,,,600,8,,Card not found
23,75,,Aquos Platinum Neo Hydorous,Character Card,Aquos,,,,300,8,,Card not found
24,76,,Aquos Platinum Neo Pegatrix,Character Card,Aquos,,,,100,7,,"<td colspan=""3""><a href=""/wiki/Magic_Shield"" title=""Magic Shield""><img alt=""Battle Planet MagicShield Symbol.png"" data-file-height=""125"" data-file-width=""105"" height=""24"" src=""/images/thumb/0/06/Battle_Planet_MagicShield_Symbol.png/20px-Battle_Planet_MagicShield_Symbol.png"" srcset=""/images/thumb/0/06/Battle_Planet_MagicShield_Symbol.png/30px-Battle_Planet_MagicShield_Symbol.png 1.5x, /images/thumb/0/06/Battle_Planet_MagicShield_Symbol.png/40px-Battle_Planet_MagicShield_Symbol.png 2x"" width=""20""/></a>: <a class=""image"" href=""/wiki/File:Add_Core_Icon.png""><img alt=""Add Core Icon.png"" data-file-height=""2084"" data-file-width=""2406"" height=""22"" src=""/images/thumb/d/d7/Add_Core_Icon.png/25px-Add_Core_Icon.png"" srcset=""/images/thumb/d/d7/Add_Core_Icon.png/38px-Add_Core_Icon.png 1.5x, /images/thumb/d/d7/Add_Core_Icon.png/50px-Add_Core_Icon.png 2x"" width=""25""/></a> (Attach a BakuCore from the Field to this)
<p><a href=""/wiki/Shield"" title=""Shield""><img alt=""Battle Planet Shield Symbol.png"" data-file-height=""125"" data-file-width=""93"" height=""27"" src=""/images/thumb/6/6a/Battle_Planet_Shield_Symbol.png/20px-Battle_Planet_Shield_Symbol.png"" srcset=""/images/thumb/6/6a/Battle_Planet_Shield_Symbol.png/30px-Battle_Planet_Shield_Symbol.png 1.5x, /images/thumb/6/6a/Battle_Planet_Shield_Symbol.png/40px-Battle_Planet_Shield_Symbol.png 2x"" width=""20""/></a>: <a class=""image"" href=""/wiki/File:Steal_Core_Icon.png""><img alt=""Steal Core Icon.png"" data-file-height=""2084"" data-file-width=""2406"" height=""22"" src=""/images/thumb/6/60/Steal_Core_Icon.png/25px-Steal_Core_Icon.png"" srcset=""/images/thumb/6/60/Steal_Core_Icon.png/38px-Steal_Core_Icon.png 1.5x, /images/thumb/6/60/Steal_Core_Icon.png/50px-Steal_Core_Icon.png 2x"" width=""25""/></a> (Remove a BakuCore from the opposing Bakugan and attach it to this)
</p>
</td>"
25,77,,Aquos Platinum Trox,Character Card,Aquos,,,,600,3,,Card not found
26,78,,Aquos Platinum Wrath,Character Card,Aquos,,,,900,5,,Card not found
27,79,,Aquos Genesis Warrior Whale,Character Card,Aquos,,,,800,5,,"<td colspan=""3"">This card has no effect.
</td>"
28,81,,Aquos Ultra Tretorous,Character Card,Aquos,,,,300,7,,"<td colspan=""3""><a href=""/wiki/Helix"" title=""Helix""><img alt=""Battle Planet Helix Symbol.png"" data-file-height=""125"" data-file-width=""92"" height=""27"" src=""/images/thumb/3/3e/Battle_Planet_Helix_Symbol.png/20px-Battle_Planet_Helix_Symbol.png"" srcset=""/images/thumb/3/3e/Battle_Planet_Helix_Symbol.png/30px-Battle_Planet_Helix_Symbol.png 1.5x, /images/thumb/3/3e/Battle_Planet_Helix_Symbol.png/40px-Battle_Planet_Helix_Symbol.png 2x"" width=""20""/></a>: +500 <a href=""/wiki/B-Power"" title=""B-Power""><img alt=""Icon-power.png"" data-file-height=""2071"" data-file-width=""2133"" height=""15"" src=""/images/thumb/d/d1/Icon-power.png/15px-Icon-power.png"" srcset=""/images/thumb/d/d1/Icon-power.png/23px-Icon-power.png 1.5x, /images/thumb/d/d1/Icon-power.png/30px-Icon-power.png 2x"" width=""15""/></a>
<p><a href=""/wiki/Fist"" title=""Fist""><img alt=""Battle Planet Fist Symbol.png"" data-file-height=""90"" data-file-width=""125"" height=""14"" src=""/images/thumb/4/4f/Battle_Planet_Fist_Symbol.png/20px-Battle_Planet_Fist_Symbol.png"" srcset=""/images/thumb/4/4f/Battle_Planet_Fist_Symbol.png/30px-Battle_Planet_Fist_Symbol.png 1.5x, /images/thumb/4/4f/Battle_Planet_Fist_Symbol.png/40px-Battle_Planet_Fist_Symbol.png 2x"" width=""20""/></a>: <a class=""image"" href=""/wiki/File:Add_Core_Icon.png""><img alt=""Add Core Icon.png"" data-file-height=""2084"" data-file-width=""2406"" height=""22"" src=""/images/thumb/d/d7/Add_Core_Icon.png/25px-Add_Core_Icon.png"" srcset=""/images/thumb/d/d7/Add_Core_Icon.png/38px-Add_Core_Icon.png 1.5x, /images/thumb/d/d7/Add_Core_Icon.png/50px-Add_Core_Icon.png 2x"" width=""25""/></a> (Attach a BakuCore from the Field to this)
</p>
</td>"
29,82,,Aquos Trox,Character Card,Aquos,,,,300,3,,Card not found
30,84,,Aurelus Ultra Eenoch,Character Card,Aurelus,,,,1000,1,,"<td colspan=""3"">This card has no effect.
</td>"
31,85,,Aurelus Griswing,Character Card,Aurelus,,,,800,2,,"<td colspan=""3""><a href=""/wiki/Fist"" title=""Fist""><img alt=""Battle Planet Fist Symbol.png"" data-file-height=""90"" data-file-width=""125"" height=""14"" src=""/images/thumb/4/4f/Battle_Planet_Fist_Symbol.png/20px-Battle_Planet_Fist_Symbol.png"" srcset=""/images/thumb/4/4f/Battle_Planet_Fist_Symbol.png/30px-Battle_Planet_Fist_Symbol.png 1.5x, /images/thumb/4/4f/Battle_Planet_Fist_Symbol.png/40px-Battle_Planet_Fist_Symbol.png 2x"" width=""20""/></a>: +100 <a href=""/wiki/B-Power"" title=""B-Power""><img alt=""Icon-power.png"" data-file-height=""2071"" data-file-width=""2133"" height=""15"" src=""/images/thumb/d/d1/Icon-power.png/15px-Icon-power.png"" srcset=""/images/thumb/d/d1/Icon-power.png/23px-Icon-power.png 1.5x, /images/thumb/d/d1/Icon-power.png/30px-Icon-power.png 2x"" width=""15""/></a>
<p><a href=""/wiki/Shield"" title=""Shield""><img alt=""Battle Planet Shield Symbol.png"" data-file-height=""125"" data-file-width=""93"" height=""27"" src=""/images/thumb/6/6a/Battle_Planet_Shield_Symbol.png/20px-Battle_Planet_Shield_Symbol.png"" srcset=""/images/thumb/6/6a/Battle_Planet_Shield_Symbol.png/30px-Battle_Planet_Shield_Symbol.png 1.5x, /images/thumb/6/6a/Battle_Planet_Shield_Symbol.png/40px-Battle_Planet_Shield_Symbol.png 2x"" width=""20""/></a>: <a class=""image"" href=""/wiki/File:Add_Core_Icon.png""><img alt=""Add Core Icon.png"" data-file-height=""2084"" data-file-width=""2406"" height=""22"" src=""/images/thumb/d/d7/Add_Core_Icon.png/25px-Add_Core_Icon.png"" srcset=""/images/thumb/d/d7/Add_Core_Icon.png/38px-Add_Core_Icon.png 1.5x, /images/thumb/d/d7/Add_Core_Icon.png/50px-Add_Core_Icon.png 2x"" width=""25""/></a> (Attach a BakuCore from the Field to this)
</p>
</td>"
32,89,,Aurelus Neo Dragonoid,Character Card,Aurelus,,,,1000,3,,"<td colspan=""3"">This card has no effect.
</td>"
33,92,,Aurelus Neo Pegatrix,Character Card,Aurelus,,,,600,3,,Card not found
34,94,,Aurelus Nillious,Character Card,Aurelus,,,,300,5,,"<td colspan=""3""><a href=""/wiki/Shield"" title=""Shield""><img alt=""Battle Planet Shield Symbol.png"" data-file-height=""125"" data-file-width=""93"" height=""27"" src=""/images/thumb/6/6a/Battle_Planet_Shield_Symbol.png/20px-Battle_Planet_Shield_Symbol.png"" srcset=""/images/thumb/6/6a/Battle_Planet_Shield_Symbol.png/30px-Battle_Planet_Shield_Symbol.png 1.5x, /images/thumb/6/6a/Battle_Planet_Shield_Symbol.png/40px-Battle_Planet_Shield_Symbol.png 2x"" width=""20""/></a>: <a class=""image"" href=""/wiki/File:Remove_Core_Icon.png""><img alt=""Remove Core Icon.png"" data-file-height=""2084"" data-file-width=""2406"" height=""22"" src=""/images/thumb/e/e3/Remove_Core_Icon.png/25px-Remove_Core_Icon.png"" srcset=""/images/thumb/e/e3/Remove_Core_Icon.png/38px-Remove_Core_Icon.png 1.5x, /images/thumb/e/e3/Remove_Core_Icon.png/50px-Remove_Core_Icon.png 2x"" width=""25""/></a> (Remove a BakuCore from the opposing Bakugan)
</td>"
35,95,,Aurelus Platinum Neo Dragonoid,Character Card,Aurelus,,,,800,4,,Card not found
36,96,,Aurelus Platinum Neo Pharol,Character Card,Aurelus,,,,100,1,,Card not found
37,97,,Aurelus Platinum Trox,Character Card,Aurelus,,,,200,5,,Card not found
38,98,,Aurelus Platinum Wrath,Character Card,Aurelus,,,,500,6,,Card not found
39,99,,Aurelus Genesis Pharol,Character Card,Aurelus,,,,800,3,,"<td colspan=""3"">This card has no effect.
</td>"
40,101,,Aurelus Ultra Tretorous,Character Card,Aurelus,,,,400,4,,Card not found
41,102,,Aurelus Trox,Character Card,Aurelus,,,,300,3,,"<td colspan=""3""><a href=""/wiki/Shield"" title=""Shield""><img alt=""Battle Planet Shield Symbol.png"" data-file-height=""125"" data-file-width=""93"" height=""27"" src=""/images/thumb/6/6a/Battle_Planet_Shield_Symbol.png/20px-Battle_Planet_Shield_Symbol.png"" srcset=""/images/thumb/6/6a/Battle_Planet_Shield_Symbol.png/30px-Battle_Planet_Shield_Symbol.png 1.5x, /images/thumb/6/6a/Battle_Planet_Shield_Symbol.png/40px-Battle_Planet_Shield_Symbol.png 2x"" width=""20""/></a>: +700 <a href=""/wiki/B-Power"" title=""B-Power""><img alt=""Icon-power.png"" data-file-height=""2071"" data-file-width=""2133"" height=""15"" src=""/images/thumb/d/d1/Icon-power.png/15px-Icon-power.png"" srcset=""/images/thumb/d/d1/Icon-power.png/23px-Icon-power.png 1.5x, /images/thumb/d/d1/Icon-power.png/30px-Icon-power.png 2x"" width=""15""/></a> &amp; +7 <a href=""/wiki/Damage"" title=""Damage""><img alt=""Icon-damage.png"" data-file-height=""1967"" data-file-width=""2084"" height=""24"" src=""/images/thumb/7/7f/Icon-damage.png/25px-Icon-damage.png"" srcset=""/images/thumb/7/7f/Icon-damage.png/38px-Icon-damage.png 1.5x, /images/thumb/7/7f/Icon-damage.png/50px-Icon-damage.png 2x"" width=""25""/></a>
</td>"
42,105,,Darkus Dragonoid,Character Card,Darkus,,,,400,5,,Card not found
43,106,,Darkus Ultra Eenoch,Character Card,Darkus,,,,500,9,,"<td colspan=""3"">This card has no effect.
</td>"
44,107,,Darkus Griswing,Character Card,Darkus,,,,500,1,,Card not found
45,112,,Darkus Neo Dragonoid,Character Card,Darkus,,,,900,2,,"<td colspan=""3"">This card has no effect.
</td>"
46,114,,Darkus Pegatrix,Character Card,Darkus,,,,600,6,,Card not found
47,115,,Darkus Pharol,Character Card,Darkus,,,,400,6,,"<td colspan=""3""><a href=""/wiki/Shield"" title=""Shield""><img alt=""Battle Planet Shield Symbol.png"" data-file-height=""125"" data-file-width=""93"" height=""27"" src=""/images/thumb/6/6a/Battle_Planet_Shield_Symbol.png/20px-Battle_Planet_Shield_Symbol.png"" srcset=""/images/thumb/6/6a/Battle_Planet_Shield_Symbol.png/30px-Battle_Planet_Shield_Symbol.png 1.5x, /images/thumb/6/6a/Battle_Planet_Shield_Symbol.png/40px-Battle_Planet_Shield_Symbol.png 2x"" width=""20""/></a>: +300 <a href=""/wiki/B-Power"" title=""B-Power""><img alt=""Icon-power.png"" data-file-height=""2071"" data-file-width=""2133"" height=""15"" src=""/images/thumb/d/d1/Icon-power.png/15px-Icon-power.png"" srcset=""/images/thumb/d/d1/Icon-power.png/23px-Icon-power.png 1.5x, /images/thumb/d/d1/Icon-power.png/30px-Icon-power.png 2x"" width=""15""/></a>
</td>"
48,118,,Darkus Platinum Montrapod,Geogan Card,Darkus,0,,,700,5,Rare,"<td colspan=""3"">This card has no effect.
</td>"
49,119,,Darkus Platinum Neo Dragonoid,Character Card,Darkus,,,,300,6,,"<td colspan=""3"">This card has no effect.
</td>"
50,120,,Darkus Platinum Neo Pegatrix,Character Card,Darkus,,,,700,6,,Card not found
51,121,,Darkus Platinum Nillious,Character Card,Darkus,,,,500,1,,"<td colspan=""3""><a href=""/wiki/Helix"" title=""Helix""><img alt=""Battle Planet Helix Symbol.png"" data-file-height=""125"" data-file-width=""92"" height=""27"" src=""/images/thumb/3/3e/Battle_Planet_Helix_Symbol.png/20px-Battle_Planet_Helix_Symbol.png"" srcset=""/images/thumb/3/3e/Battle_Planet_Helix_Symbol.png/30px-Battle_Planet_Helix_Symbol.png 1.5x, /images/thumb/3/3e/Battle_Planet_Helix_Symbol.png/40px-Battle_Planet_Helix_Symbol.png 2x"" width=""20""/></a>, <a href=""/wiki/Fist"" title=""Fist""><img alt=""Battle Planet Fist Symbol.png"" data-file-height=""90"" data-file-width=""125"" height=""14"" src=""/images/thumb/4/4f/Battle_Planet_Fist_Symbol.png/20px-Battle_Planet_Fist_Symbol.png"" srcset=""/images/thumb/4/4f/Battle_Planet_Fist_Symbol.png/30px-Battle_Planet_Fist_Symbol.png 1.5x, /images/thumb/4/4f/Battle_Planet_Fist_Symbol.png/40px-Battle_Planet_Fist_Symbol.png 2x"" width=""20""/></a>: +1000 <a href=""/wiki/B-Power"" title=""B-Power""><img alt=""Icon-power.png"" data-file-height=""2071"" data-file-width=""2133"" height=""15"" src=""/images/thumb/d/d1/Icon-power.png/15px-Icon-power.png"" srcset=""/images/thumb/d/d1/Icon-power.png/23px-Icon-power.png 1.5x, /images/thumb/d/d1/Icon-power.png/30px-Icon-power.png 2x"" width=""15""/></a>
</td>"
52,123,,Darkus Platinum Sectanoid,Character Card,Darkus,,,,1000,1,,"<td colspan=""3"">This card has no effect.
</td>"
53,124,,Darkus Platinum Wrath,Character Card,Darkus,,,,400,4,,"<td colspan=""3""><a href=""/wiki/Shield"" title=""Shield""><img alt=""Battle Planet Shield Symbol.png"" data-file-height=""125"" data-file-width=""93"" height=""27"" src=""/images/thumb/6/6a/Battle_Planet_Shield_Symbol.png/20px-Battle_Planet_Shield_Symbol.png"" srcset=""/images/thumb/6/6a/Battle_Planet_Shield_Symbol.png/30px-Battle_Planet_Shield_Symbol.png 1.5x, /images/thumb/6/6a/Battle_Planet_Shield_Symbol.png/40px-Battle_Planet_Shield_Symbol.png 2x"" width=""20""/></a>: <a class=""image"" href=""/wiki/File:Remove_Core_Icon.png""><img alt=""Remove Core Icon.png"" data-file-height=""2084"" data-file-width=""2406"" height=""22"" src=""/images/thumb/e/e3/Remove_Core_Icon.png/25px-Remove_Core_Icon.png"" srcset=""/images/thumb/e/e3/Remove_Core_Icon.png/38px-Remove_Core_Icon.png 1.5x, /images/thumb/e/e3/Remove_Core_Icon.png/50px-Remove_Core_Icon.png 2x"" width=""25""/></a> (Remove a BakuCore from the opposing Bakugan) &amp; +300 <a href=""/wiki/B-Power"" title=""B-Power""><img alt=""Icon-power.png"" data-file-height=""2071"" data-file-width=""2133"" height=""15"" src=""/images/thumb/d/d1/Icon-power.png/15px-Icon-power.png"" srcset=""/images/thumb/d/d1/Icon-power.png/23px-Icon-power.png 1.5x, /images/thumb/d/d1/Icon-power.png/30px-Icon-power.png 2x"" width=""15""/></a>
</td>"
54,125,,Darkus Genesis Nillious,Character Card,Darkus,,,,700,4,,"<td colspan=""3""><a href=""/wiki/Shield"" title=""Shield""><img alt=""Battle Planet Shield Symbol.png"" data-file-height=""125"" data-file-width=""93"" height=""27"" src=""/images/thumb/6/6a/Battle_Planet_Shield_Symbol.png/20px-Battle_Planet_Shield_Symbol.png"" srcset=""/images/thumb/6/6a/Battle_Planet_Shield_Symbol.png/30px-Battle_Planet_Shield_Symbol.png 1.5x, /images/thumb/6/6a/Battle_Planet_Shield_Symbol.png/40px-Battle_Planet_Shield_Symbol.png 2x"" width=""20""/></a>: +700 <a href=""/wiki/B-Power"" title=""B-Power""><img alt=""Icon-power.png"" data-file-height=""2071"" data-file-width=""2133"" height=""15"" src=""/images/thumb/d/d1/Icon-power.png/15px-Icon-power.png"" srcset=""/images/thumb/d/d1/Icon-power.png/23px-Icon-power.png 1.5x, /images/thumb/d/d1/Icon-power.png/30px-Icon-power.png 2x"" width=""15""/></a>
</td>"
55,127,,Darkus Ultra Serpillious,Character Card,Darkus,,,,500,1,,"<td colspan=""3""><a href=""/wiki/Fist"" title=""Fist""><img alt=""Battle Planet Fist Symbol.png"" data-file-height=""90"" data-file-width=""125"" height=""14"" src=""/images/thumb/4/4f/Battle_Planet_Fist_Symbol.png/20px-Battle_Planet_Fist_Symbol.png"" srcset=""/images/thumb/4/4f/Battle_Planet_Fist_Symbol.png/30px-Battle_Planet_Fist_Symbol.png 1.5x, /images/thumb/4/4f/Battle_Planet_Fist_Symbol.png/40px-Battle_Planet_Fist_Symbol.png 2x"" width=""20""/></a>: +900 <a href=""/wiki/B-Power"" title=""B-Power""><img alt=""Icon-power.png"" data-file-height=""2071"" data-file-width=""2133"" height=""15"" src=""/images/thumb/d/d1/Icon-power.png/15px-Icon-power.png"" srcset=""/images/thumb/d/d1/Icon-power.png/23px-Icon-power.png 1.5x, /images/thumb/d/d1/Icon-power.png/30px-Icon-power.png 2x"" width=""15""/></a>
</td>"
56,128,,Darkus Neo Dragonoid (128),Character Card,Darkus,,,,800,4,,Card not found
57,131,,Darkus Trox,Character Card,Darkus,,,,700,7,,"<td colspan=""3"">This card has no effect.
</td>"
58,132,,Darkus Wrath,Character Card,Darkus,,,,900,1,,"<td colspan=""3"">This card has no effect.
</td>"
59,133,,Haos Ultra Eenoch,Character Card,Haos,,,,600,4,,Card not found
60,134,,Haos Ultra Gillator,Character Card,Haos,,,,400,5,,"<td colspan=""3""><a href=""/wiki/Shield"" title=""Shield""><img alt=""Battle Planet Shield Symbol.png"" data-file-height=""125"" data-file-width=""93"" height=""27"" src=""/images/thumb/6/6a/Battle_Planet_Shield_Symbol.png/20px-Battle_Planet_Shield_Symbol.png"" srcset=""/images/thumb/6/6a/Battle_Planet_Shield_Symbol.png/30px-Battle_Planet_Shield_Symbol.png 1.5x, /images/thumb/6/6a/Battle_Planet_Shield_Symbol.png/40px-Battle_Planet_Shield_Symbol.png 2x"" width=""20""/></a>: +1000 <a href=""/wiki/B-Power"" title=""B-Power""><img alt=""Icon-power.png"" data-file-height=""2071"" data-file-width=""2133"" height=""15"" src=""/images/thumb/d/d1/Icon-power.png/15px-Icon-power.png"" srcset=""/images/thumb/d/d1/Icon-power.png/23px-Icon-power.png 1.5x, /images/thumb/d/d1/Icon-power.png/30px-Icon-power.png 2x"" width=""15""/></a>
</td>"
61,136,,Haos Ultra Howlkor,Character Card,Haos,,,,700,1,,"<td colspan=""3""><a href=""/wiki/Fist"" title=""Fist""><img alt=""Battle Planet Fist Symbol.png"" data-file-height=""90"" data-file-width=""125"" height=""14"" src=""/images/thumb/4/4f/Battle_Planet_Fist_Symbol.png/20px-Battle_Planet_Fist_Symbol.png"" srcset=""/images/thumb/4/4f/Battle_Planet_Fist_Symbol.png/30px-Battle_Planet_Fist_Symbol.png 1.5x, /images/thumb/4/4f/Battle_Planet_Fist_Symbol.png/40px-Battle_Planet_Fist_Symbol.png 2x"" width=""20""/></a>: +1000 <a href=""/wiki/B-Power"" title=""B-Power""><img alt=""Icon-power.png"" data-file-height=""2071"" data-file-width=""2133"" height=""15"" src=""/images/thumb/d/d1/Icon-power.png/15px-Icon-power.png"" srcset=""/images/thumb/d/d1/Icon-power.png/23px-Icon-power.png 1.5x, /images/thumb/d/d1/Icon-power.png/30px-Icon-power.png 2x"" width=""15""/></a>
</td>"
62,137,,Haos Warrior Whale,Character Card,Haos,,,,900,2,,Card not found
63,143,,Haos Neo Dragonoid,Character Card,Haos,,,,300,8,,Card not found
64,145,,Haos Neo Trox,Character Card,Haos,,,,700,7,,Card not found
65,148,,Haos Platinum Neo Pegatrix,Character Card,Haos,,,,200,5,,"<td colspan=""3""><a href=""/wiki/Helix"" title=""Helix""><img alt=""Battle Planet Helix Symbol.png"" data-file-height=""125"" data-file-width=""92"" height=""27"" src=""/images/thumb/3/3e/Battle_Planet_Helix_Symbol.png/20px-Battle_Planet_Helix_Symbol.png"" srcset=""/images/thumb/3/3e/Battle_Planet_Helix_Symbol.png/30px-Battle_Planet_Helix_Symbol.png 1.5x, /images/thumb/3/3e/Battle_Planet_Helix_Symbol.png/40px-Battle_Planet_Helix_Symbol.png 2x"" width=""20""/></a>: <a class=""image"" href=""/wiki/File:Remove_Core_Icon.png""><img alt=""Remove Core Icon.png"" data-file-height=""2084"" data-file-width=""2406"" height=""22"" src=""/images/thumb/e/e3/Remove_Core_Icon.png/25px-Remove_Core_Icon.png"" srcset=""/images/thumb/e/e3/Remove_Core_Icon.png/38px-Remove_Core_Icon.png 1.5x, /images/thumb/e/e3/Remove_Core_Icon.png/50px-Remove_Core_Icon.png 2x"" width=""25""/></a> (Remove a BakuCore from the opposing Bakugan)
</td>"
66,152,,Haos Platinum Sharktar,Character Card,Haos,,,,200,8,,Card not found
67,153,,Haos Platinum Wrath,Character Card,Haos,,,,300,7,,"<td colspan=""3""><a href=""/wiki/Flaming_Fist"" title=""Flaming Fist""><img alt=""Battle Planet FlamingFist Symbol.png"" data-file-height=""92"" data-file-width=""125"" height=""15"" src=""/images/thumb/3/3a/Battle_Planet_FlamingFist_Symbol.png/20px-Battle_Planet_FlamingFist_Symbol.png"" srcset=""/images/thumb/3/3a/Battle_Planet_FlamingFist_Symbol.png/30px-Battle_Planet_FlamingFist_Symbol.png 1.5x, /images/thumb/3/3a/Battle_Planet_FlamingFist_Symbol.png/40px-Battle_Planet_FlamingFist_Symbol.png 2x"" width=""20""/></a>: <a class=""image"" href=""/wiki/File:Remove_Core_Icon.png""><img alt=""Remove Core Icon.png"" data-file-height=""2084"" data-file-width=""2406"" height=""22"" src=""/images/thumb/e/e3/Remove_Core_Icon.png/25px-Remove_Core_Icon.png"" srcset=""/images/thumb/e/e3/Remove_Core_Icon.png/38px-Remove_Core_Icon.png 1.5x, /images/thumb/e/e3/Remove_Core_Icon.png/50px-Remove_Core_Icon.png 2x"" width=""25""/></a> (Remove a BakuCore from the opposing Bakugan)
</td>"
68,155,,Haos Wrath,Character Card,Haos,,,,700,1,,Card not found
69,161,,Pyrus Neo Pegatrix,Character Card,Pyrus,,,,500,2,,"<td colspan=""3""><a href=""/wiki/Fist"" title=""Fist""><img alt=""Battle Planet Fist Symbol.png"" data-file-height=""90"" data-file-width=""125"" height=""14"" src=""/images/thumb/4/4f/Battle_Planet_Fist_Symbol.png/20px-Battle_Planet_Fist_Symbol.png"" srcset=""/images/thumb/4/4f/Battle_Planet_Fist_Symbol.png/30px-Battle_Planet_Fist_Symbol.png 1.5x, /images/thumb/4/4f/Battle_Planet_Fist_Symbol.png/40px-Battle_Planet_Fist_Symbol.png 2x"" width=""20""/></a>: <a class=""image"" href=""/wiki/File:Add_Core_Icon.png""><img alt=""Add Core Icon.png"" data-file-height=""2084"" data-file-width=""2406"" height=""22"" src=""/images/thumb/d/d7/Add_Core_Icon.png/25px-Add_Core_Icon.png"" srcset=""/images/thumb/d/d7/Add_Core_Icon.png/38px-Add_Core_Icon.png 1.5x, /images/thumb/d/d7/Add_Core_Icon.png/50px-Add_Core_Icon.png 2x"" width=""25""/></a> (Attach a BakuCore from the Field to this)
<p><a href=""/wiki/Shield"" title=""Shield""><img alt=""Battle Planet Shield Symbol.png"" data-file-height=""125"" data-file-width=""93"" height=""27"" src=""/images/thumb/6/6a/Battle_Planet_Shield_Symbol.png/20px-Battle_Planet_Shield_Symbol.png"" srcset=""/images/thumb/6/6a/Battle_Planet_Shield_Symbol.png/30px-Battle_Planet_Shield_Symbol.png 1.5x, /images/thumb/6/6a/Battle_Planet_Shield_Symbol.png/40px-Battle_Planet_Shield_Symbol.png 2x"" width=""20""/></a>: +100 <a href=""/wiki/B-Power"" title=""B-Power""><img alt=""Icon-power.png"" data-file-height=""2071"" data-file-width=""2133"" height=""15"" src=""/images/thumb/d/d1/Icon-power.png/15px-Icon-power.png"" srcset=""/images/thumb/d/d1/Icon-power.png/23px-Icon-power.png 1.5x, /images/thumb/d/d1/Icon-power.png/30px-Icon-power.png 2x"" width=""15""/></a>
</p>
</td>"
70,162,,Pyrus Pharol,Character Card,Pyrus,,,,500,7,,"<td colspan=""3"">This card has no effect.
</td>"
71,164,,Pyrus Platinum Neo Dragonoid,Character Card,Pyrus,,,,800,2,,"<td colspan=""3""><a href=""/wiki/Fist"" title=""Fist""><img alt=""Battle Planet Fist Symbol.png"" data-file-height=""90"" data-file-width=""125"" height=""14"" src=""/images/thumb/4/4f/Battle_Planet_Fist_Symbol.png/20px-Battle_Planet_Fist_Symbol.png"" srcset=""/images/thumb/4/4f/Battle_Planet_Fist_Symbol.png/30px-Battle_Planet_Fist_Symbol.png 1.5x, /images/thumb/4/4f/Battle_Planet_Fist_Symbol.png/40px-Battle_Planet_Fist_Symbol.png 2x"" width=""20""/></a>: +500 <a href=""/wiki/B-Power"" title=""B-Power""><img alt=""Icon-power.png"" data-file-height=""2071"" data-file-width=""2133"" height=""15"" src=""/images/thumb/d/d1/Icon-power.png/15px-Icon-power.png"" srcset=""/images/thumb/d/d1/Icon-power.png/23px-Icon-power.png 1.5x, /images/thumb/d/d1/Icon-power.png/30px-Icon-power.png 2x"" width=""15""/></a>
</td>"
72,165,,Pyrus Platinum Neo Hydorous,Character Card,Pyrus,,,,600,3,,"<td colspan=""3""><a href=""/wiki/Helix"" title=""Helix""><img alt=""Battle Planet Helix Symbol.png"" data-file-height=""125"" data-file-width=""92"" height=""27"" src=""/images/thumb/3/3e/Battle_Planet_Helix_Symbol.png/20px-Battle_Planet_Helix_Symbol.png"" srcset=""/images/thumb/3/3e/Battle_Planet_Helix_Symbol.png/30px-Battle_Planet_Helix_Symbol.png 1.5x, /images/thumb/3/3e/Battle_Planet_Helix_Symbol.png/40px-Battle_Planet_Helix_Symbol.png 2x"" width=""20""/></a>: +300 <a href=""/wiki/B-Power"" title=""B-Power""><img alt=""Icon-power.png"" data-file-height=""2071"" data-file-width=""2133"" height=""15"" src=""/images/thumb/d/d1/Icon-power.png/15px-Icon-power.png"" srcset=""/images/thumb/d/d1/Icon-power.png/23px-Icon-power.png 1.5x, /images/thumb/d/d1/Icon-power.png/30px-Icon-power.png 2x"" width=""15""/></a>
</td>"
73,169,,Pyrus Platinum Wrath,Character Card,Pyrus,,,,1000,1,,"<td colspan=""3""><a href=""/wiki/Victor_(Reboot)"" title=""Victor (Reboot)""><img alt=""Victor symbol.png"" data-file-height=""417"" data-file-width=""454"" height=""23"" src=""/images/thumb/4/45/Victor_symbol.png/25px-Victor_symbol.png"" srcset=""/images/thumb/4/45/Victor_symbol.png/38px-Victor_symbol.png 1.5x, /images/thumb/4/45/Victor_symbol.png/50px-Victor_symbol.png 2x"" width=""25""/></a> (<a href=""/wiki/Victor_(Reboot)"" title=""Victor (Reboot)"">Victor</a>): <a class=""image"" href=""/wiki/File:Remove_Core_Icon.png""><img alt=""Remove Core Icon.png"" data-file-height=""2084"" data-file-width=""2406"" height=""22"" src=""/images/thumb/e/e3/Remove_Core_Icon.png/25px-Remove_Core_Icon.png"" srcset=""/images/thumb/e/e3/Remove_Core_Icon.png/38px-Remove_Core_Icon.png 1.5x, /images/thumb/e/e3/Remove_Core_Icon.png/50px-Remove_Core_Icon.png 2x"" width=""25""/></a> (Remove a BakuCore from the opposing Bakugan)
</td>"
74,170,,Pyrus Ultra Sairus,Character Card,Pyrus,,,,800,4,,Card not found
75,172,,Pyrus Dragonoid Evo,Character Card,Pyrus,,,,300,5,,Card not found
76,173,,Pyrus Trox,Character Card,Pyrus,,,,900,3,,"<td colspan=""3"">This card has no effect.
</td>"
77,174,,Ventus Colossus,Character Card,Ventus,,,,900,3,,"<td colspan=""3""><a href=""/wiki/Victor_(Reboot)"" title=""Victor (Reboot)""><img alt=""Victor symbol.png"" data-file-height=""417"" data-file-width=""454"" height=""23"" src=""/images/thumb/4/45/Victor_symbol.png/25px-Victor_symbol.png"" srcset=""/images/thumb/4/45/Victor_symbol.png/38px-Victor_symbol.png 1.5x, /images/thumb/4/45/Victor_symbol.png/50px-Victor_symbol.png 2x"" width=""25""/></a> (<a href=""/wiki/Victor_(Reboot)"" title=""Victor (Reboot)"">Victor</a>): <a class=""image"" href=""/wiki/File:Remove_Core_Icon.png""><img alt=""Remove Core Icon.png"" data-file-height=""2084"" data-file-width=""2406"" height=""22"" src=""/images/thumb/e/e3/Remove_Core_Icon.png/25px-Remove_Core_Icon.png"" srcset=""/images/thumb/e/e3/Remove_Core_Icon.png/38px-Remove_Core_Icon.png 1.5x, /images/thumb/e/e3/Remove_Core_Icon.png/50px-Remove_Core_Icon.png 2x"" width=""25""/></a> (Remove a BakuCore from the opposing Bakugan)
</td>"
78,176,,Ventus Ultra Gillator,Character Card,Ventus,,,,400,6,,"<td colspan=""3""><a href=""/wiki/Shield"" title=""Shield""><img alt=""Battle Planet Shield Symbol.png"" data-file-height=""125"" data-file-width=""93"" height=""27"" src=""/images/thumb/6/6a/Battle_Planet_Shield_Symbol.png/20px-Battle_Planet_Shield_Symbol.png"" srcset=""/images/thumb/6/6a/Battle_Planet_Shield_Symbol.png/30px-Battle_Planet_Shield_Symbol.png 1.5x, /images/thumb/6/6a/Battle_Planet_Shield_Symbol.png/40px-Battle_Planet_Shield_Symbol.png 2x"" width=""20""/></a>: <a class=""image"" href=""/wiki/File:Steal_Core_Icon.png""><img alt=""Steal Core Icon.png"" data-file-height=""2084"" data-file-width=""2406"" height=""22"" src=""/images/thumb/6/60/Steal_Core_Icon.png/25px-Steal_Core_Icon.png"" srcset=""/images/thumb/6/60/Steal_Core_Icon.png/38px-Steal_Core_Icon.png 1.5x, /images/thumb/6/60/Steal_Core_Icon.png/50px-Steal_Core_Icon.png 2x"" width=""25""/></a> (Remove a BakuCore from the opposing Bakugan and attach it to this)
</td>"
79,181,,Ventus Neo Trox,Character Card,Ventus,,,,800,5,,Card not found
80,182,,Ventus Pharol,Character Card,Ventus,,,,1000,2,,"<td colspan=""3"">This card has no effect.
</td>"
81,183,,Ventus Platinum Colossus,Character Card,Ventus,,,,600,7,,"<td colspan=""3"">This card has no effect.
</td>"
82,183,,Ventus Platinum Warrior Whale,Character Card,Ventus,,,,600,7,,Card not found
83,185,,Ventus Platinum Neo Dragonoid,Character Card,Ventus,,,,600,2,,Card not found
84,186,,Ventus Platinum Nillious,Character Card,Ventus,,,,600,3,,Card not found
85,188,,Ventus Platinum Trox,Character Card,Ventus,,,,900,4,,Card not found
86,190,,Ventus Genesis Trox,Character Card,Ventus,,,,600,9,,"<td colspan=""3"">This card has no effect.
</td>"
87,191,,Ventus Ultra Serpillious,Character Card,Ventus,,,,600,3,,"<td colspan=""3""><a href=""/wiki/Helix"" title=""Helix""><img alt=""Battle Planet Helix Symbol.png"" data-file-height=""125"" data-file-width=""92"" height=""27"" src=""/images/thumb/3/3e/Battle_Planet_Helix_Symbol.png/20px-Battle_Planet_Helix_Symbol.png"" srcset=""/images/thumb/3/3e/Battle_Planet_Helix_Symbol.png/30px-Battle_Planet_Helix_Symbol.png 1.5x, /images/thumb/3/3e/Battle_Planet_Helix_Symbol.png/40px-Battle_Planet_Helix_Symbol.png 2x"" width=""20""/></a>: +300<a href=""/wiki/B-Power"" title=""B-Power""><img alt=""Icon-power.png"" data-file-height=""2071"" data-file-width=""2133"" height=""15"" src=""/images/thumb/d/d1/Icon-power.png/15px-Icon-power.png"" srcset=""/images/thumb/d/d1/Icon-power.png/23px-Icon-power.png 1.5x, /images/thumb/d/d1/Icon-power.png/30px-Icon-power.png 2x"" width=""15""/></a>
</td>"
88,192,,Ventus Neo Dragonoid,Character Card,Ventus,,,,700,5,,"<td colspan=""3"">This card has no effect.
</td>"
89,193,,Ventus Neo Wrath,Character Card,Ventus,,,,800,5,,Card not found
90,195,,All-Faction Genesis Dragonoid,Character Card,All-Faction,,,,1000,5,,"<td colspan=""3""><a class=""image"" href=""/wiki/File:Symbol_Reroll.png""><img alt=""Symbol Reroll.png"" data-file-height=""562"" data-file-width=""530"" height=""27"" src=""/images/thumb/0/05/Symbol_Reroll.png/25px-Symbol_Reroll.png"" srcset=""/images/thumb/0/05/Symbol_Reroll.png/38px-Symbol_Reroll.png 1.5x, /images/thumb/0/05/Symbol_Reroll.png/50px-Symbol_Reroll.png 2x"" width=""25""/></a> (You may <a href=""/wiki/Reroll"" title=""Reroll"">Reroll</a> this once each turn if you miss a roll with it)
</td>"
